trend_name,trend_url,trend_query,tweet_volume,searched_at_datetime,searched_in_country
#AFLLionsDogs,http://twitter.com/search?q=%23AFLLionsDogs,%23AFLLionsDogs,,2021-09-04 12:15:49.857527,Australia
#AFLFinals,http://twitter.com/search?q=%23AFLFinals,%23AFLFinals,,2021-09-04 12:15:49.857527,Australia
#NRLSouthsDragons,http://twitter.com/search?q=%23NRLSouthsDragons,%23NRLSouthsDragons,,2021-09-04 12:15:49.857527,Australia
#NRLCowboysManly,http://twitter.com/search?q=%23NRLCowboysManly,%23NRLCowboysManly,,2021-09-04 12:15:49.857527,Australia
#redv,http://twitter.com/search?q=%23redv,%23redv,,2021-09-04 12:15:49.857527,Australia
#MightyWest,http://twitter.com/search?q=%23MightyWest,%23MightyWest,,2021-09-04 12:15:49.857527,Australia
#GoRabbitohs,http://twitter.com/search?q=%23GoRabbitohs,%23GoRabbitohs,,2021-09-04 12:15:49.857527,Australia
#Uncaged,http://twitter.com/search?q=%23Uncaged,%23Uncaged,,2021-09-04 12:15:49.857527,Australia
#YieldToNone,http://twitter.com/search?q=%23YieldToNone,%23YieldToNone,,2021-09-04 12:15:49.857527,Australia
#DutchGP,http://twitter.com/search?q=%23DutchGP,%23DutchGP,80688.0,2021-09-04 12:15:49.857527,Australia
#WCEpi2021,http://twitter.com/search?q=%23WCEpi2021,%23WCEpi2021,,2021-09-04 12:15:49.857527,Australia
#HappyBirthdayBeyonce,http://twitter.com/search?q=%23HappyBirthdayBeyonce,%23HappyBirthdayBeyonce,42347.0,2021-09-04 12:15:49.857527,Brazil
#AwayFromHome,http://twitter.com/search?q=%23AwayFromHome,%23AwayFromHome,25794.0,2021-09-04 12:15:49.857527,Brazil
#FutebolDe5,http://twitter.com/search?q=%23FutebolDe5,%23FutebolDe5,,2021-09-04 12:15:49.857527,Brazil
#LouisTomlinson,http://twitter.com/search?q=%23LouisTomlinson,%23LouisTomlinson,24543.0,2021-09-04 12:15:49.857527,Brazil
#HappyBirthdayMarkTuan,http://twitter.com/search?q=%23HappyBirthdayMarkTuan,%23HappyBirthdayMarkTuan,613569.0,2021-09-04 12:15:49.857527,Brazil
#TuanInAMillionDay,http://twitter.com/search?q=%23TuanInAMillionDay,%23TuanInAMillionDay,596861.0,2021-09-04 12:15:49.857527,Brazil
#LouisLive,http://twitter.com/search?q=%23LouisLive,%23LouisLive,,2021-09-04 12:15:49.857527,Brazil
#LTLiveStream,http://twitter.com/search?q=%23LTLiveStream,%23LTLiveStream,,2021-09-04 12:15:49.857527,Brazil
#bolsonarochifrudo,http://twitter.com/search?q=%23bolsonarochifrudo,%23bolsonarochifrudo,,2021-09-04 12:15:49.857527,Brazil
#F1noBandSports,http://twitter.com/search?q=%23F1noBandSports,%23F1noBandSports,,2021-09-04 12:15:49.857527,Brazil
#BeyDay,http://twitter.com/search?q=%23BeyDay,%23BeyDay,,2021-09-04 12:15:49.857527,Brazil
#SabadoDetremuraSDV,http://twitter.com/search?q=%23SabadoDetremuraSDV,%23SabadoDetremuraSDV,,2021-09-04 12:15:49.857527,Brazil
#ShangChi,http://twitter.com/search?q=%23ShangChi,%23ShangChi,105996.0,2021-09-04 12:15:49.857527,Canada
#USOpen,http://twitter.com/search?q=%23USOpen,%23USOpen,56621.0,2021-09-04 12:15:49.857527,Canada
#CertifiedLoverBoy,http://twitter.com/search?q=%23CertifiedLoverBoy,%23CertifiedLoverBoy,70284.0,2021-09-04 12:15:49.857527,Canada
#AbLeg,http://twitter.com/search?q=%23AbLeg,%23AbLeg,26328.0,2021-09-04 12:15:49.857527,Canada
#ResignKenney,http://twitter.com/search?q=%23ResignKenney,%23ResignKenney,,2021-09-04 12:15:49.857527,Canada
#FreebetWinamax,http://twitter.com/search?q=%23FreebetWinamax,%23FreebetWinamax,,2021-09-04 12:15:49.857527,France
#manifestation4septembre,http://twitter.com/search?q=%23manifestation4septembre,%23manifestation4septembre,16314.0,2021-09-04 12:15:49.857527,France
#BOUBB,http://twitter.com/search?q=%23BOUBB,%23BOUBB,,2021-09-04 12:15:49.857527,France
#Manifs4septembre,http://twitter.com/search?q=%23Manifs4septembre,%23Manifs4septembre,40743.0,2021-09-04 12:15:49.857527,France
#FreebetPMU,http://twitter.com/search?q=%23FreebetPMU,%23FreebetPMU,,2021-09-04 12:15:49.857527,France
#UKRFRA,http://twitter.com/search?q=%23UKRFRA,%23UKRFRA,,2021-09-04 12:15:49.857527,France
#NonAuPassDeLaHonte,http://twitter.com/search?q=%23NonAuPassDeLaHonte,%23NonAuPassDeLaHonte,,2021-09-04 12:15:49.857527,France
#TempleHermesDay1,http://twitter.com/search?q=%23TempleHermesDay1,%23TempleHermesDay1,,2021-09-04 12:15:49.857527,France
#GenerationZemmour,http://twitter.com/search?q=%23GenerationZemmour,%23GenerationZemmour,,2021-09-04 12:15:49.857527,France
#Top14,http://twitter.com/search?q=%23Top14,%23Top14,,2021-09-04 12:15:49.857527,France
#DutchGP,http://twitter.com/search?q=%23DutchGP,%23DutchGP,80682.0,2021-09-04 12:15:49.857527,France
#MaevaGhenam,http://twitter.com/search?q=%23MaevaGhenam,%23MaevaGhenam,,2021-09-04 12:15:49.857527,France
#RentreAvecRakuten,http://twitter.com/search?q=%23RentreAvecRakuten,%23RentreAvecRakuten,,2021-09-04 12:15:49.857527,France
#IUCNcongress,http://twitter.com/search?q=%23IUCNcongress,%23IUCNcongress,,2021-09-04 12:15:49.857527,France
#presidentielles2022,http://twitter.com/search?q=%23presidentielles2022,%23presidentielles2022,,2021-09-04 12:15:49.857527,France
#CroiséeDesChemins,http://twitter.com/search?q=%23Crois%C3%A9eDesChemins,%23Crois%C3%A9eDesChemins,,2021-09-04 12:15:49.857527,France
#TuanInAMillionDay,http://twitter.com/search?q=%23TuanInAMillionDay,%23TuanInAMillionDay,596861.0,2021-09-04 12:15:49.857527,France
#FreebetNetBet,http://twitter.com/search?q=%23FreebetNetBet,%23FreebetNetBet,,2021-09-04 12:15:49.857527,France
#NousSavons,http://twitter.com/search?q=%23NousSavons,%23NousSavons,,2021-09-04 12:15:49.857527,France
#HappyBirthdayMarkTuan,http://twitter.com/search?q=%23HappyBirthdayMarkTuan,%23HappyBirthdayMarkTuan,613569.0,2021-09-04 12:15:49.857527,France
#associations,http://twitter.com/search?q=%23associations,%23associations,,2021-09-04 12:15:49.857527,France
#Passanitaire,http://twitter.com/search?q=%23Passanitaire,%23Passanitaire,,2021-09-04 12:15:49.857527,France
#Rugby,http://twitter.com/search?q=%23Rugby,%23Rugby,,2021-09-04 12:15:49.857527,France
#LCDP,http://twitter.com/search?q=%23LCDP,%23LCDP,38418.0,2021-09-04 12:15:49.857527,France
#septemberchallenge,http://twitter.com/search?q=%23septemberchallenge,%23septemberchallenge,,2021-09-04 12:15:49.857527,France
#PrimaireEcologiste,http://twitter.com/search?q=%23PrimaireEcologiste,%23PrimaireEcologiste,,2021-09-04 12:15:49.857527,France
#biodiversite,http://twitter.com/search?q=%23biodiversite,%23biodiversite,,2021-09-04 12:15:49.857527,France
#Zukunftsteam,http://twitter.com/search?q=%23Zukunftsteam,%23Zukunftsteam,19871.0,2021-09-04 12:15:49.857527,Germany
#Wirhabenkeinepandemie,http://twitter.com/search?q=%23Wirhabenkeinepandemie,%23Wirhabenkeinepandemie,,2021-09-04 12:15:49.857527,Germany
#unteilbar,http://twitter.com/search?q=%23unteilbar,%23unteilbar,,2021-09-04 12:15:49.857527,Germany
#WahlOMat,http://twitter.com/search?q=%23WahlOMat,%23WahlOMat,,2021-09-04 12:15:49.857527,Germany
#SchleFaZ,http://twitter.com/search?q=%23SchleFaZ,%23SchleFaZ,,2021-09-04 12:15:49.857527,Germany
#PramodBhagat,http://twitter.com/search?q=%23PramodBhagat,%23PramodBhagat,,2021-09-04 12:15:49.857527,India
#Parabadminton,http://twitter.com/search?q=%23Parabadminton,%23Parabadminton,45656.0,2021-09-04 12:15:49.857527,India
#TyagiSir,http://twitter.com/search?q=%23TyagiSir,%23TyagiSir,,2021-09-04 12:15:49.857527,India
#Gold,http://twitter.com/search?q=%23Gold,%23Gold,56878.0,2021-09-04 12:15:49.857527,India
#MereNitish,http://twitter.com/search?q=%23MereNitish,%23MereNitish,,2021-09-04 12:15:49.857527,India
#ManojSarkar,http://twitter.com/search?q=%23ManojSarkar,%23ManojSarkar,,2021-09-04 12:15:49.857527,India
#Paralympics,http://twitter.com/search?q=%23Paralympics,%23Paralympics,302642.0,2021-09-04 12:15:49.857527,India
#पीएम_मोदी_चुप्पी_तोड़ो,http://twitter.com/search?q=%23%E0%A4%AA%E0%A5%80%E0%A4%8F%E0%A4%AE_%E0%A4%AE%E0%A5%8B%E0%A4%A6%E0%A5%80_%E0%A4%9A%E0%A5%81%E0%A4%AA%E0%A5%8D%E0%A4%AA%E0%A5%80_%E0%A4%A4%E0%A5%8B%E0%A4%A1%E0%A4%BC%E0%A5%8B,%23%E0%A4%AA%E0%A5%80%E0%A4%8F%E0%A4%AE_%E0%A4%AE%E0%A5%8B%E0%A4%A6%E0%A5%80_%E0%A4%9A%E0%A5%81%E0%A4%AA%E0%A5%8D%E0%A4%AA%E0%A5%80_%E0%A4%A4%E0%A5%8B%E0%A4%A1%E0%A4%BC%E0%A5%8B,25814.0,2021-09-04 12:15:49.857527,India
#Praise4Para,http://twitter.com/search?q=%23Praise4Para,%23Praise4Para,67698.0,2021-09-04 12:15:49.857527,India
#Cheer4India,http://twitter.com/search?q=%23Cheer4India,%23Cheer4India,34724.0,2021-09-04 12:15:49.857527,India
#KLRahul,http://twitter.com/search?q=%23KLRahul,%23KLRahul,,2021-09-04 12:15:49.857527,India
#JusticeForRabiya,http://twitter.com/search?q=%23JusticeForRabiya,%23JusticeForRabiya,12735.0,2021-09-04 12:15:49.857527,India
#TeachersDay,http://twitter.com/search?q=%23TeachersDay,%23TeachersDay,,2021-09-04 12:15:49.857527,India
#HappinessFormula,http://twitter.com/search?q=%23HappinessFormula,%23HappinessFormula,,2021-09-04 12:15:49.857527,India
#JohnCena,http://twitter.com/search?q=%23JohnCena,%23JohnCena,,2021-09-04 12:15:49.857527,India
#HutLovers,http://twitter.com/search?q=%23HutLovers,%23HutLovers,,2021-09-04 12:15:49.857527,India
#Thalapathy66,http://twitter.com/search?q=%23Thalapathy66,%23Thalapathy66,13715.0,2021-09-04 12:15:49.857527,India
#Bronze,http://twitter.com/search?q=%23Bronze,%23Bronze,19076.0,2021-09-04 12:15:49.857527,India
#DearLili,http://twitter.com/search?q=%23DearLili,%23DearLili,12207.0,2021-09-04 12:15:49.857527,India
#PerVachaalum,http://twitter.com/search?q=%23PerVachaalum,%23PerVachaalum,,2021-09-04 12:15:49.857527,India
#IStandWithNDTV,http://twitter.com/search?q=%23IStandWithNDTV,%23IStandWithNDTV,,2021-09-04 12:15:49.857527,India
#AwayFromHome,http://twitter.com/search?q=%23AwayFromHome,%23AwayFromHome,25867.0,2021-09-04 12:15:49.857527,India
#ManishNarwal,http://twitter.com/search?q=%23ManishNarwal,%23ManishNarwal,14743.0,2021-09-04 12:15:49.857527,India
#MamataBanerjee,http://twitter.com/search?q=%23MamataBanerjee,%23MamataBanerjee,,2021-09-04 12:15:49.857527,India
#राबिया_के_कातिलों_को_फांसी_दो,http://twitter.com/search?q=%23%E0%A4%B0%E0%A4%BE%E0%A4%AC%E0%A4%BF%E0%A4%AF%E0%A4%BE_%E0%A4%95%E0%A5%87_%E0%A4%95%E0%A4%BE%E0%A4%A4%E0%A4%BF%E0%A4%B2%E0%A5%8B%E0%A4%82_%E0%A4%95%E0%A5%8B_%E0%A4%AB%E0%A4%BE%E0%A4%82%E0%A4%B8%E0%A5%80_%E0%A4%A6%E0%A5%8B,%23%E0%A4%B0%E0%A4%BE%E0%A4%AC%E0%A4%BF%E0%A4%AF%E0%A4%BE_%E0%A4%95%E0%A5%87_%E0%A4%95%E0%A4%BE%E0%A4%A4%E0%A4%BF%E0%A4%B2%E0%A5%8B%E0%A4%82_%E0%A4%95%E0%A5%8B_%E0%A4%AB%E0%A4%BE%E0%A4%82%E0%A4%B8%E0%A5%80_%E0%A4%A6%E0%A5%8B,19106.0,2021-09-04 12:15:49.857527,India
#आरएसएस_देश_की_शान,http://twitter.com/search?q=%23%E0%A4%86%E0%A4%B0%E0%A4%8F%E0%A4%B8%E0%A4%8F%E0%A4%B8_%E0%A4%A6%E0%A5%87%E0%A4%B6_%E0%A4%95%E0%A5%80_%E0%A4%B6%E0%A4%BE%E0%A4%A8,%23%E0%A4%86%E0%A4%B0%E0%A4%8F%E0%A4%B8%E0%A4%8F%E0%A4%B8_%E0%A4%A6%E0%A5%87%E0%A4%B6_%E0%A4%95%E0%A5%80_%E0%A4%B6%E0%A4%BE%E0%A4%A8,61655.0,2021-09-04 12:15:49.857527,India
#CheerForPara,http://twitter.com/search?q=%23CheerForPara,%23CheerForPara,,2021-09-04 12:15:49.857527,India
#WorldBeardDay,http://twitter.com/search?q=%23WorldBeardDay,%23WorldBeardDay,,2021-09-04 12:15:49.857527,India
#Bhabanipur,http://twitter.com/search?q=%23Bhabanipur,%23Bhabanipur,,2021-09-04 12:15:49.857527,India
#NoKraShaNoKasam2,http://twitter.com/search?q=%23NoKraShaNoKasam2,%23NoKraShaNoKasam2,12244.0,2021-09-04 12:15:49.857527,India
#LCDP5,http://twitter.com/search?q=%23LCDP5,%23LCDP5,152992.0,2021-09-04 12:15:49.857527,Italy
#Venezia78,http://twitter.com/search?q=%23Venezia78,%23Venezia78,62479.0,2021-09-04 12:15:49.857527,Italy
#4Settembre,http://twitter.com/search?q=%234Settembre,%234Settembre,,2021-09-04 12:15:49.857527,Italy
#OBBLIGO_vaccinale,http://twitter.com/search?q=%23OBBLIGO_vaccinale,%23OBBLIGO_vaccinale,,2021-09-04 12:15:49.857527,Italy
#BakeOffItalia,http://twitter.com/search?q=%23BakeOffItalia,%23BakeOffItalia,,2021-09-04 12:15:49.857527,Italy
#ukrfinforum21,http://twitter.com/search?q=%23ukrfinforum21,%23ukrfinforum21,,2021-09-04 12:15:49.857527,Ukraine
#MoneyHeist,http://twitter.com/search?q=%23MoneyHeist,%23MoneyHeist,90786.0,2021-09-04 12:15:49.857527,Ukraine
#Thunderous3rdWin,http://twitter.com/search?q=%23Thunderous3rdWin,%23Thunderous3rdWin,26316.0,2021-09-04 12:15:49.857527,Ukraine
#ShangChi,http://twitter.com/search?q=%23ShangChi,%23ShangChi,106008.0,2021-09-04 12:15:49.857527,Ukraine
#LCDP5,http://twitter.com/search?q=%23LCDP5,%23LCDP5,152952.0,2021-09-04 12:15:49.857527,Ukraine
#ClasesYVacunacionEdomex,http://twitter.com/search?q=%23ClasesYVacunacionEdomex,%23ClasesYVacunacionEdomex,18321.0,2021-09-04 12:15:49.857527,Mexico
#SaborACelebrity,http://twitter.com/search?q=%23SaborACelebrity,%23SaborACelebrity,,2021-09-04 12:15:49.857527,Mexico
#PrismTime_Blue,http://twitter.com/search?q=%23PrismTime_Blue,%23PrismTime_Blue,,2021-09-04 12:15:49.857527,Mexico
#FelizSabado,http://twitter.com/search?q=%23FelizSabado,%23FelizSabado,,2021-09-04 12:15:49.857527,Mexico
#LCDP5,http://twitter.com/search?q=%23LCDP5,%23LCDP5,152923.0,2021-09-04 12:15:49.857527,Mexico
#SaturdayMorning,http://twitter.com/search?q=%23SaturdayMorning,%23SaturdayMorning,,2021-09-04 12:15:49.857527,United States
#SaturdayThoughts,http://twitter.com/search?q=%23SaturdayThoughts,%23SaturdayThoughts,10307.0,2021-09-04 12:15:49.857527,United States
#HappyBirthdayBeyonce,http://twitter.com/search?q=%23HappyBirthdayBeyonce,%23HappyBirthdayBeyonce,42275.0,2021-09-04 12:15:49.857527,United States
#SaturdayMotivation,http://twitter.com/search?q=%23SaturdayMotivation,%23SaturdayMotivation,,2021-09-04 12:15:49.857527,United States
#goodsam,http://twitter.com/search?q=%23goodsam,%23goodsam,,2021-09-04 12:15:49.857527,United States
#AFLPowerDogs,http://twitter.com/search?q=%23AFLPowerDogs,%23AFLPowerDogs,,2021-09-11 12:15:56.434638,Australia
#NRLPanthersSouths,http://twitter.com/search?q=%23NRLPanthersSouths,%23NRLPanthersSouths,,2021-09-11 12:15:56.434638,Australia
#NRLRoostersTitans,http://twitter.com/search?q=%23NRLRoostersTitans,%23NRLRoostersTitans,,2021-09-11 12:15:56.434638,Australia
#AFLFinals,http://twitter.com/search?q=%23AFLFinals,%23AFLFinals,,2021-09-11 12:15:56.434638,Australia
#NRLFinals,http://twitter.com/search?q=%23NRLFinals,%23NRLFinals,,2021-09-11 12:15:56.434638,Australia
#MightyWest,http://twitter.com/search?q=%23MightyWest,%23MightyWest,,2021-09-11 12:15:56.434638,Australia
#YieldToNone,http://twitter.com/search?q=%23YieldToNone,%23YieldToNone,,2021-09-11 12:15:56.434638,Australia
#pantherpride,http://twitter.com/search?q=%23pantherpride,%23pantherpride,,2021-09-11 12:15:56.434638,Australia
#EastsToWin,http://twitter.com/search?q=%23EastsToWin,%23EastsToWin,,2021-09-11 12:15:56.434638,Australia
#NamjoonDay,http://twitter.com/search?q=%23NamjoonDay,%23NamjoonDay,33076.0,2021-09-11 12:15:56.434638,Brazil
#PremierLeagueNaESPN,http://twitter.com/search?q=%23PremierLeagueNaESPN,%23PremierLeagueNaESPN,,2021-09-11 12:15:56.434638,Brazil
#11deSetembro,http://twitter.com/search?q=%2311deSetembro,%2311deSetembro,,2021-09-11 12:15:56.434638,Brazil
#September11,http://twitter.com/search?q=%23September11,%23September11,103997.0,2021-09-11 12:15:56.434638,Brazil
#VotouPEC32NãoVolta,http://twitter.com/search?q=%23VotouPEC32N%C3%A3oVolta,%23VotouPEC32N%C3%A3oVolta,,2021-09-11 12:15:56.434638,Brazil
#MotoGPFoxSports,http://twitter.com/search?q=%23MotoGPFoxSports,%23MotoGPFoxSports,,2021-09-11 12:15:56.434638,Brazil
#BolsonaroTemRazao,http://twitter.com/search?q=%23BolsonaroTemRazao,%23BolsonaroTemRazao,,2021-09-11 12:15:56.434638,Brazil
#ATEEZ_ETERNAL_SUNSHINE,http://twitter.com/search?q=%23ATEEZ_ETERNAL_SUNSHINE,%23ATEEZ_ETERNAL_SUNSHINE,42439.0,2021-09-11 12:15:56.434638,Brazil
#NeverForget,http://twitter.com/search?q=%23NeverForget,%23NeverForget,124130.0,2021-09-11 12:15:56.434638,Brazil
#SabadoDetremuraSDV,http://twitter.com/search?q=%23SabadoDetremuraSDV,%23SabadoDetremuraSDV,,2021-09-11 12:15:56.434638,Brazil
#IDOLto1B,http://twitter.com/search?q=%23IDOLto1B,%23IDOLto1B,49468.0,2021-09-11 12:15:56.434638,Brazil
#F1noBandsports,http://twitter.com/search?q=%23F1noBandsports,%23F1noBandsports,,2021-09-11 12:15:56.434638,Brazil
#GlowLGBT,http://twitter.com/search?q=%23GlowLGBT,%23GlowLGBT,,2021-09-11 12:15:56.434638,Brazil
#LuciferSeason6,http://twitter.com/search?q=%23LuciferSeason6,%23LuciferSeason6,32265.0,2021-09-11 12:15:56.434638,Brazil
#NeverForget,http://twitter.com/search?q=%23NeverForget,%23NeverForget,123918.0,2021-09-11 12:15:56.434638,Canada
#September11,http://twitter.com/search?q=%23September11,%23September11,103842.0,2021-09-11 12:15:56.434638,Canada
#nlwx,http://twitter.com/search?q=%23nlwx,%23nlwx,,2021-09-11 12:15:56.434638,Canada
#HurricaneLarry,http://twitter.com/search?q=%23HurricaneLarry,%23HurricaneLarry,,2021-09-11 12:15:56.434638,Canada
#911Anniversary,http://twitter.com/search?q=%23911Anniversary,%23911Anniversary,37929.0,2021-09-11 12:15:56.434638,Canada
#11septembre2001,http://twitter.com/search?q=%2311septembre2001,%2311septembre2001,26168.0,2021-09-11 12:15:56.434638,France
#FreebetUnibet,http://twitter.com/search?q=%23FreebetUnibet,%23FreebetUnibet,,2021-09-11 12:15:56.434638,France
#NeverForget,http://twitter.com/search?q=%23NeverForget,%23NeverForget,123604.0,2021-09-11 12:15:56.434638,France
#WorldTradeCenter,http://twitter.com/search?q=%23WorldTradeCenter,%23WorldTradeCenter,19406.0,2021-09-11 12:15:56.434638,France
#repostday,http://twitter.com/search?q=%23repostday,%23repostday,31058.0,2021-09-11 12:15:56.434638,France
#911Memorial,http://twitter.com/search?q=%23911Memorial,%23911Memorial,20840.0,2021-09-11 12:15:56.434638,France
#5ansdeplus,http://twitter.com/search?q=%235ansdeplus,%235ansdeplus,,2021-09-11 12:15:56.434638,France
#RendsJusticeDansUnTitre,http://twitter.com/search?q=%23RendsJusticeDansUnTitre,%23RendsJusticeDansUnTitre,,2021-09-11 12:15:56.434638,France
#TwinTowers,http://twitter.com/search?q=%23TwinTowers,%23TwinTowers,,2021-09-11 12:15:56.434638,France
#PSGCF63,http://twitter.com/search?q=%23PSGCF63,%23PSGCF63,,2021-09-11 12:15:56.434638,France
#September11,http://twitter.com/search?q=%23September11,%23September11,103997.0,2021-09-11 12:15:56.434638,Germany
#FCISVW,http://twitter.com/search?q=%23FCISVW,%23FCISVW,,2021-09-11 12:15:56.434638,Germany
#csupt21,http://twitter.com/search?q=%23csupt21,%23csupt21,,2021-09-11 12:15:56.434638,Germany
#Werder,http://twitter.com/search?q=%23Werder,%23Werder,,2021-09-11 12:15:56.434638,Germany
#NeverForget,http://twitter.com/search?q=%23NeverForget,%23NeverForget,123604.0,2021-09-11 12:15:56.434638,Germany
#H96STP,http://twitter.com/search?q=%23H96STP,%23H96STP,,2021-09-11 12:15:56.434638,Germany
#h96fcsp,http://twitter.com/search?q=%23h96fcsp,%23h96fcsp,,2021-09-11 12:15:56.434638,Germany
#CSUParteitag,http://twitter.com/search?q=%23CSUParteitag,%23CSUParteitag,,2021-09-11 12:15:56.434638,Germany
#Mietendemo21,http://twitter.com/search?q=%23Mietendemo21,%23Mietendemo21,,2021-09-11 12:15:56.434638,Germany
#NullToleranz,http://twitter.com/search?q=%23NullToleranz,%23NullToleranz,,2021-09-11 12:15:56.434638,Germany
#Betze,http://twitter.com/search?q=%23Betze,%23Betze,,2021-09-11 12:15:56.434638,Germany
#911Anniversary,http://twitter.com/search?q=%23911Anniversary,%23911Anniversary,37872.0,2021-09-11 12:15:56.434638,Germany
#b1109,http://twitter.com/search?q=%23b1109,%23b1109,,2021-09-11 12:15:56.434638,Germany
#911Memorial,http://twitter.com/search?q=%23911Memorial,%23911Memorial,20840.0,2021-09-11 12:15:56.434638,Germany
#NineEleven,http://twitter.com/search?q=%23NineEleven,%23NineEleven,,2021-09-11 12:15:56.434638,Germany
#aussteigen,http://twitter.com/search?q=%23aussteigen,%23aussteigen,,2021-09-11 12:15:56.434638,Germany
#cDUcSUrausausderRegierung,http://twitter.com/search?q=%23cDUcSUrausausderRegierung,%23cDUcSUrausausderRegierung,,2021-09-11 12:15:56.434638,Germany
#IAADemo,http://twitter.com/search?q=%23IAADemo,%23IAADemo,,2021-09-11 12:15:56.434638,Germany
#Mietenwahnsinn,http://twitter.com/search?q=%23Mietenwahnsinn,%23Mietenwahnsinn,,2021-09-11 12:15:56.434638,Germany
#B04BVB,http://twitter.com/search?q=%23B04BVB,%23B04BVB,,2021-09-11 12:15:56.434638,Germany
#Giffey,http://twitter.com/search?q=%23Giffey,%23Giffey,,2021-09-11 12:15:56.434638,Germany
#sternfahrt,http://twitter.com/search?q=%23sternfahrt,%23sternfahrt,,2021-09-11 12:15:56.434638,Germany
#WorldTradeCenter,http://twitter.com/search?q=%23WorldTradeCenter,%23WorldTradeCenter,19406.0,2021-09-11 12:15:56.434638,Germany
#TwinTowers,http://twitter.com/search?q=%23TwinTowers,%23TwinTowers,,2021-09-11 12:15:56.434638,Germany
#FCUFCA,http://twitter.com/search?q=%23FCUFCA,%23FCUFCA,,2021-09-11 12:15:56.434638,Germany
#Caturday,http://twitter.com/search?q=%23Caturday,%23Caturday,,2021-09-11 12:15:56.434638,Germany
#RBLFCB,http://twitter.com/search?q=%23RBLFCB,%23RBLFCB,,2021-09-11 12:15:56.434638,Germany
#Dobrindt,http://twitter.com/search?q=%23Dobrindt,%23Dobrindt,,2021-09-11 12:15:56.434638,Germany
#soeder,http://twitter.com/search?q=%23soeder,%23soeder,,2021-09-11 12:15:56.434638,Germany
#Bundesliga,http://twitter.com/search?q=%23Bundesliga,%23Bundesliga,,2021-09-11 12:15:56.434638,Germany
#laschetluegtwieder,http://twitter.com/search?q=%23laschetluegtwieder,%23laschetluegtwieder,,2021-09-11 12:15:56.434638,Germany
#Schäuble,http://twitter.com/search?q=%23Sch%C3%A4uble,%23Sch%C3%A4uble,,2021-09-11 12:15:56.434638,Germany
#Vijayrupani,http://twitter.com/search?q=%23Vijayrupani,%23Vijayrupani,11776.0,2021-09-11 12:15:56.434638,India
#mumbairape,http://twitter.com/search?q=%23mumbairape,%23mumbairape,,2021-09-11 12:15:56.434638,India
#SiwaySRK,http://twitter.com/search?q=%23SiwaySRK,%23SiwaySRK,18323.0,2021-09-11 12:15:56.434638,India
#DismantlingJihad,http://twitter.com/search?q=%23DismantlingJihad,%23DismantlingJihad,11957.0,2021-09-11 12:15:56.434638,India
#गुजरात,http://twitter.com/search?q=%23%E0%A4%97%E0%A5%81%E0%A4%9C%E0%A4%B0%E0%A4%BE%E0%A4%A4,%23%E0%A4%97%E0%A5%81%E0%A4%9C%E0%A4%B0%E0%A4%BE%E0%A4%A4,,2021-09-11 12:15:56.434638,India
#RestoreDalitTimes,http://twitter.com/search?q=%23RestoreDalitTimes,%23RestoreDalitTimes,,2021-09-11 12:15:56.434638,India
#HarBoothBJPBooth,http://twitter.com/search?q=%23HarBoothBJPBooth,%23HarBoothBJPBooth,14840.0,2021-09-11 12:15:56.434638,India
#sakinaka,http://twitter.com/search?q=%23sakinaka,%23sakinaka,,2021-09-11 12:15:56.434638,India
#DelhiRains,http://twitter.com/search?q=%23DelhiRains,%23DelhiRains,12324.0,2021-09-11 12:15:56.434638,India
#FREEJUNGKOOK,http://twitter.com/search?q=%23FREEJUNGKOOK,%23FREEJUNGKOOK,40184.0,2021-09-11 12:15:56.434638,India
#IPL2021,http://twitter.com/search?q=%23IPL2021,%23IPL2021,13461.0,2021-09-11 12:15:56.434638,India
#SpiritualCapitalUttarakhand,http://twitter.com/search?q=%23SpiritualCapitalUttarakhand,%23SpiritualCapitalUttarakhand,,2021-09-11 12:15:56.434638,India
#Borrder,http://twitter.com/search?q=%23Borrder,%23Borrder,,2021-09-11 12:15:56.434638,India
#CRYTOT,http://twitter.com/search?q=%23CRYTOT,%23CRYTOT,,2021-09-11 12:15:56.434638,India
#NamjoonDay,http://twitter.com/search?q=%23NamjoonDay,%23NamjoonDay,33173.0,2021-09-11 12:15:56.434638,India
#11settembre,http://twitter.com/search?q=%2311settembre,%2311settembre,19482.0,2021-09-11 12:15:56.434638,Italy
#September11,http://twitter.com/search?q=%23September11,%23September11,103842.0,2021-09-11 12:15:56.434638,Italy
#TwinTowers,http://twitter.com/search?q=%23TwinTowers,%23TwinTowers,,2021-09-11 12:15:56.434638,Italy
#TorriGemelle,http://twitter.com/search?q=%23TorriGemelle,%23TorriGemelle,,2021-09-11 12:15:56.434638,Italy
#Panchinari,http://twitter.com/search?q=%23Panchinari,%23Panchinari,,2021-09-11 12:15:56.434638,Italy
#ReferendumCannabis,http://twitter.com/search?q=%23ReferendumCannabis,%23ReferendumCannabis,,2021-09-11 12:15:56.434638,Italy
#SalviniPagliaccio,http://twitter.com/search?q=%23SalviniPagliaccio,%23SalviniPagliaccio,,2021-09-11 12:15:56.434638,Italy
#NeverForget,http://twitter.com/search?q=%23NeverForget,%23NeverForget,123918.0,2021-09-11 12:15:56.434638,Italy
#Pinochet,http://twitter.com/search?q=%23Pinochet,%23Pinochet,,2021-09-11 12:15:56.434638,Italy
#NewYork,http://twitter.com/search?q=%23NewYork,%23NewYork,16432.0,2021-09-11 12:15:56.434638,Italy
#TorinoMilan,http://twitter.com/search?q=%23TorinoMilan,%23TorinoMilan,,2021-09-11 12:15:56.434638,Italy
#NapoliJuve,http://twitter.com/search?q=%23NapoliJuve,%23NapoliJuve,,2021-09-11 12:15:56.434638,Italy
#911Anniversary,http://twitter.com/search?q=%23911Anniversary,%23911Anniversary,37838.0,2021-09-11 12:15:56.434638,Italy
#Armonie,http://twitter.com/search?q=%23Armonie,%23Armonie,,2021-09-11 12:15:56.434638,Italy
#WorldTradeCenter,http://twitter.com/search?q=%23WorldTradeCenter,%23WorldTradeCenter,19383.0,2021-09-11 12:15:56.434638,Italy
#GFVIPParty,http://twitter.com/search?q=%23GFVIPParty,%23GFVIPParty,,2021-09-11 12:15:56.434638,Italy
#Ibrahimovic,http://twitter.com/search?q=%23Ibrahimovic,%23Ibrahimovic,,2021-09-11 12:15:56.434638,Italy
#varianti,http://twitter.com/search?q=%23varianti,%23varianti,,2021-09-11 12:15:56.434638,Italy
#Pantelleria,http://twitter.com/search?q=%23Pantelleria,%23Pantelleria,,2021-09-11 12:15:56.434638,Italy
#MonzaGP,http://twitter.com/search?q=%23MonzaGP,%23MonzaGP,,2021-09-11 12:15:56.434638,Italy
#AragonGP,http://twitter.com/search?q=%23AragonGP,%23AragonGP,,2021-09-11 12:15:56.434638,Italy
#ForzaNapoliSempre,http://twitter.com/search?q=%23ForzaNapoliSempre,%23ForzaNapoliSempre,,2021-09-11 12:15:56.434638,Italy
#canalis,http://twitter.com/search?q=%23canalis,%23canalis,,2021-09-11 12:15:56.434638,Italy
#Spalletti,http://twitter.com/search?q=%23Spalletti,%23Spalletti,,2021-09-11 12:15:56.434638,Italy
#MilanLazio,http://twitter.com/search?q=%23MilanLazio,%23MilanLazio,,2021-09-11 12:15:56.434638,Italy
#Djokovic,http://twitter.com/search?q=%23Djokovic,%23Djokovic,,2021-09-11 12:15:56.434638,Italy
#LALISA,http://twitter.com/search?q=%23LALISA,%23LALISA,1636189.0,2021-09-11 12:15:56.434638,Ukraine
#MONSTAX,http://twitter.com/search?q=%23MONSTAX,%23MONSTAX,243756.0,2021-09-11 12:15:56.434638,Ukraine
#ONEDAY,http://twitter.com/search?q=%23ONEDAY,%23ONEDAY,211703.0,2021-09-11 12:15:56.434638,Ukraine
#ClimateCrisis,http://twitter.com/search?q=%23ClimateCrisis,%23ClimateCrisis,,2021-09-11 12:15:56.434638,Ukraine
#GlobalCrisis,http://twitter.com/search?q=%23GlobalCrisis,%23GlobalCrisis,,2021-09-11 12:15:56.434638,Ukraine
#FelizSabado,http://twitter.com/search?q=%23FelizSabado,%23FelizSabado,,2021-09-11 12:15:56.434638,Mexico
#masterchefazteca,http://twitter.com/search?q=%23masterchefazteca,%23masterchefazteca,10676.0,2021-09-11 12:15:56.434638,Mexico
#LALISA,http://twitter.com/search?q=%23LALISA,%23LALISA,1636143.0,2021-09-11 12:15:56.434638,Mexico
#FelizViernesATodos,http://twitter.com/search?q=%23FelizViernesATodos,%23FelizViernesATodos,12128.0,2021-09-11 12:15:56.434638,Mexico
#NamjoonDay,http://twitter.com/search?q=%23NamjoonDay,%23NamjoonDay,33178.0,2021-09-11 12:15:56.434638,Mexico
#NeverForget,http://twitter.com/search?q=%23NeverForget,%23NeverForget,123918.0,2021-09-11 12:15:56.434638,United States
#September11,http://twitter.com/search?q=%23September11,%23September11,103842.0,2021-09-11 12:15:56.434638,United States
#911Memorial,http://twitter.com/search?q=%23911Memorial,%23911Memorial,20886.0,2021-09-11 12:15:56.434638,United States
#911Anniversary,http://twitter.com/search?q=%23911Anniversary,%23911Anniversary,37838.0,2021-09-11 12:15:56.434638,United States
#Remember911,http://twitter.com/search?q=%23Remember911,%23Remember911,,2021-09-11 12:15:56.434638,United States
#NRLPanthersEels,http://twitter.com/search?q=%23NRLPanthersEels,%23NRLPanthersEels,,2021-09-18 12:16:06.315536,Australia
#WOLBRE,http://twitter.com/search?q=%23WOLBRE,%23WOLBRE,,2021-09-18 12:16:06.315536,Australia
#AustraliaHasFallen,http://twitter.com/search?q=%23AustraliaHasFallen,%23AustraliaHasFallen,,2021-09-18 12:16:06.315536,Australia
#NRLFinals,http://twitter.com/search?q=%23NRLFinals,%23NRLFinals,,2021-09-18 12:16:06.315536,Australia
#PantherPride,http://twitter.com/search?q=%23PantherPride,%23PantherPride,,2021-09-18 12:16:06.315536,Australia
#AUSvRSA,http://twitter.com/search?q=%23AUSvRSA,%23AUSvRSA,,2021-09-18 12:16:06.315536,Australia
#SANFL,http://twitter.com/search?q=%23SANFL,%23SANFL,,2021-09-18 12:16:06.315536,Australia
#ThankYouVicPolice,http://twitter.com/search?q=%23ThankYouVicPolice,%23ThankYouVicPolice,,2021-09-18 12:16:06.315536,Australia
#ARGvNZL,http://twitter.com/search?q=%23ARGvNZL,%23ARGvNZL,,2021-09-18 12:16:06.315536,Australia
#freedomrally,http://twitter.com/search?q=%23freedomrally,%23freedomrally,15691.0,2021-09-18 12:16:06.315536,Australia
#COVIDIOTS,http://twitter.com/search?q=%23COVIDIOTS,%23COVIDIOTS,,2021-09-18 12:16:06.315536,Australia
#melbourneprotests,http://twitter.com/search?q=%23melbourneprotests,%23melbourneprotests,,2021-09-18 12:16:06.315536,Australia
#antivaxxers,http://twitter.com/search?q=%23antivaxxers,%23antivaxxers,,2021-09-18 12:16:06.315536,Australia
#trc2021,http://twitter.com/search?q=%23trc2021,%23trc2021,,2021-09-18 12:16:06.315536,Australia
#SexEducation,http://twitter.com/search?q=%23SexEducation,%23SexEducation,73027.0,2021-09-18 12:16:06.315536,Australia
#lockdownmelbourne,http://twitter.com/search?q=%23lockdownmelbourne,%23lockdownmelbourne,,2021-09-18 12:16:06.315536,Australia
#MotoGPFoxSports,http://twitter.com/search?q=%23MotoGPFoxSports,%23MotoGPFoxSports,,2021-09-18 12:16:06.315536,Brazil
#AFazenda13,http://twitter.com/search?q=%23AFazenda13,%23AFazenda13,175807.0,2021-09-18 12:16:06.315536,Brazil
#BatmanDay,http://twitter.com/search?q=%23BatmanDay,%23BatmanDay,18676.0,2021-09-18 12:16:06.315536,Brazil
#PremierLeagueNaESPN,http://twitter.com/search?q=%23PremierLeagueNaESPN,%23PremierLeagueNaESPN,,2021-09-18 12:16:06.315536,Brazil
#SabadoDetremuraSDV,http://twitter.com/search?q=%23SabadoDetremuraSDV,%23SabadoDetremuraSDV,,2021-09-18 12:16:06.315536,Brazil
#sabadou,http://twitter.com/search?q=%23sabadou,%23sabadou,,2021-09-18 12:16:06.315536,Brazil
#promohqsparty,http://twitter.com/search?q=%23promohqsparty,%23promohqsparty,,2021-09-18 12:16:06.315536,Brazil
#LulaLadrao,http://twitter.com/search?q=%23LulaLadrao,%23LulaLadrao,10468.0,2021-09-18 12:16:06.315536,Brazil
#NovoPeão,http://twitter.com/search?q=%23NovoPe%C3%A3o,%23NovoPe%C3%A3o,46396.0,2021-09-18 12:16:06.315536,Brazil
#LuxoLGBTQ,http://twitter.com/search?q=%23LuxoLGBTQ,%23LuxoLGBTQ,,2021-09-18 12:16:06.315536,Brazil
#FestaAFazenda,http://twitter.com/search?q=%23FestaAFazenda,%23FestaAFazenda,,2021-09-18 12:16:06.315536,Brazil
#DeltaruneChapter2,http://twitter.com/search?q=%23DeltaruneChapter2,%23DeltaruneChapter2,35025.0,2021-09-18 12:16:06.315536,Brazil
#CallOutRacismHateSpeech,http://twitter.com/search?q=%23CallOutRacismHateSpeech,%23CallOutRacismHateSpeech,255895.0,2021-09-18 12:16:06.315536,Brazil
#Caturday,http://twitter.com/search?q=%23Caturday,%23Caturday,,2021-09-18 12:16:06.315536,Canada
#VoteLiberalMajority,http://twitter.com/search?q=%23VoteLiberalMajority,%23VoteLiberalMajority,,2021-09-18 12:16:06.315536,Canada
#SaturdayMorning,http://twitter.com/search?q=%23SaturdayMorning,%23SaturdayMorning,,2021-09-18 12:16:06.315536,Canada
#freecodefridaycontest,http://twitter.com/search?q=%23freecodefridaycontest,%23freecodefridaycontest,,2021-09-18 12:16:06.315536,Canada
#SexEducation,http://twitter.com/search?q=%23SexEducation,%23SexEducation,73027.0,2021-09-18 12:16:06.315536,Canada
#WOLBRE,http://twitter.com/search?q=%23WOLBRE,%23WOLBRE,,2021-09-18 12:16:06.315536,France
#BatmanDay,http://twitter.com/search?q=%23BatmanDay,%23BatmanDay,18676.0,2021-09-18 12:16:06.315536,France
#chasseurs,http://twitter.com/search?q=%23chasseurs,%23chasseurs,,2021-09-18 12:16:06.315536,France
#JourneesDuPatrimoine,http://twitter.com/search?q=%23JourneesDuPatrimoine,%23JourneesDuPatrimoine,,2021-09-18 12:16:06.315536,France
#RCLLOSC,http://twitter.com/search?q=%23RCLLOSC,%23RCLLOSC,,2021-09-18 12:16:06.315536,France
#AlgerieDansUnTitre,http://twitter.com/search?q=%23AlgerieDansUnTitre,%23AlgerieDansUnTitre,,2021-09-18 12:16:06.315536,France
#JEP2021,http://twitter.com/search?q=%23JEP2021,%23JEP2021,,2021-09-18 12:16:06.315536,France
#FreebetPMU,http://twitter.com/search?q=%23FreebetPMU,%23FreebetPMU,,2021-09-18 12:16:06.315536,France
#Manifs18septembre,http://twitter.com/search?q=%23Manifs18septembre,%23Manifs18septembre,24606.0,2021-09-18 12:16:06.315536,France
#manifestation18septembre,http://twitter.com/search?q=%23manifestation18septembre,%23manifestation18septembre,,2021-09-18 12:16:06.315536,France
#Bouteflika,http://twitter.com/search?q=%23Bouteflika,%23Bouteflika,14176.0,2021-09-18 12:16:06.315536,France
#WorldCleanUpDay,http://twitter.com/search?q=%23WorldCleanUpDay,%23WorldCleanUpDay,,2021-09-18 12:16:06.315536,France
#CongresPS,http://twitter.com/search?q=%23CongresPS,%23CongresPS,,2021-09-18 12:16:06.315536,France
#TFCGF38,http://twitter.com/search?q=%23TFCGF38,%23TFCGF38,,2021-09-18 12:16:06.315536,France
#SDDAY,http://twitter.com/search?q=%23SDDAY,%23SDDAY,,2021-09-18 12:16:06.315536,France
#PSGOL,http://twitter.com/search?q=%23PSGOL,%23PSGOL,,2021-09-18 12:16:06.315536,France
#Hello01netHelloMoto,http://twitter.com/search?q=%23Hello01netHelloMoto,%23Hello01netHelloMoto,,2021-09-18 12:16:06.315536,France
#ASSEFCGB,http://twitter.com/search?q=%23ASSEFCGB,%23ASSEFCGB,,2021-09-18 12:16:06.315536,France
#TLMVPSP,http://twitter.com/search?q=%23TLMVPSP,%23TLMVPSP,,2021-09-18 12:16:06.315536,France
#villeurbanne,http://twitter.com/search?q=%23villeurbanne,%23villeurbanne,,2021-09-18 12:16:06.315536,France
#Amiens,http://twitter.com/search?q=%23Amiens,%23Amiens,,2021-09-18 12:16:06.315536,France
#RCLens,http://twitter.com/search?q=%23RCLens,%23RCLens,,2021-09-18 12:16:06.315536,France
#AUKUS,http://twitter.com/search?q=%23AUKUS,%23AUKUS,16362.0,2021-09-18 12:16:06.315536,France
#montezledebit,http://twitter.com/search?q=%23montezledebit,%23montezledebit,,2021-09-18 12:16:06.315536,France
#IchWaehleLinks,http://twitter.com/search?q=%23IchWaehleLinks,%23IchWaehleLinks,10426.0,2021-09-18 12:16:06.315536,Germany
#KSVH96,http://twitter.com/search?q=%23KSVH96,%23KSVH96,,2021-09-18 12:16:06.315536,Germany
#Thelen,http://twitter.com/search?q=%23Thelen,%23Thelen,,2021-09-18 12:16:06.315536,Germany
#Nena,http://twitter.com/search?q=%23Nena,%23Nena,,2021-09-18 12:16:06.315536,Germany
#b1809,http://twitter.com/search?q=%23b1809,%23b1809,,2021-09-18 12:16:06.315536,Germany
#AmarinderSingh,http://twitter.com/search?q=%23AmarinderSingh,%23AmarinderSingh,11422.0,2021-09-18 12:16:06.315536,India
#PunjabPolitics,http://twitter.com/search?q=%23PunjabPolitics,%23PunjabPolitics,,2021-09-18 12:16:06.315536,India
#BabulSupriyo,http://twitter.com/search?q=%23BabulSupriyo,%23BabulSupriyo,,2021-09-18 12:16:06.315536,India
#IndiasPrideViratKohli,http://twitter.com/search?q=%23IndiasPrideViratKohli,%23IndiasPrideViratKohli,128628.0,2021-09-18 12:16:06.315536,India
#PlayerzpotPeKhelaKya,http://twitter.com/search?q=%23PlayerzpotPeKhelaKya,%23PlayerzpotPeKhelaKya,,2021-09-18 12:16:06.315536,India
#Doctor,http://twitter.com/search?q=%23Doctor,%23Doctor,27790.0,2021-09-18 12:16:06.315536,India
#WPCreatorsAward,http://twitter.com/search?q=%23WPCreatorsAward,%23WPCreatorsAward,,2021-09-18 12:16:06.315536,India
#PonniyinSelvan,http://twitter.com/search?q=%23PonniyinSelvan,%23PonniyinSelvan,,2021-09-18 12:16:06.315536,India
#HalalEconomy_NationalThreat,http://twitter.com/search?q=%23HalalEconomy_NationalThreat,%23HalalEconomy_NationalThreat,14977.0,2021-09-18 12:16:06.315536,India
#ManiRatnam,http://twitter.com/search?q=%23ManiRatnam,%23ManiRatnam,,2021-09-18 12:16:06.315536,India
#10LakhsKeLiyeKhelaKya,http://twitter.com/search?q=%2310LakhsKeLiyeKhelaKya,%2310LakhsKeLiyeKhelaKya,,2021-09-18 12:16:06.315536,India
#Playforfree,http://twitter.com/search?q=%23Playforfree,%23Playforfree,,2021-09-18 12:16:06.315536,India
#JasLyForever,http://twitter.com/search?q=%23JasLyForever,%23JasLyForever,11051.0,2021-09-18 12:16:06.315536,India
#WOLBRE,http://twitter.com/search?q=%23WOLBRE,%23WOLBRE,,2021-09-18 12:16:06.315536,India
#CitroenInIndia,http://twitter.com/search?q=%23CitroenInIndia,%23CitroenInIndia,,2021-09-18 12:16:06.315536,India
#Sivakarthikeyan,http://twitter.com/search?q=%23Sivakarthikeyan,%23Sivakarthikeyan,,2021-09-18 12:16:06.315536,India
#KhelaHobe,http://twitter.com/search?q=%23KhelaHobe,%23KhelaHobe,,2021-09-18 12:16:06.315536,India
#palombelli,http://twitter.com/search?q=%23palombelli,%23palombelli,20528.0,2021-09-18 12:16:06.315536,Italy
#gfvip,http://twitter.com/search?q=%23gfvip,%23gfvip,94830.0,2021-09-18 12:16:06.315536,Italy
#taleequaleshow,http://twitter.com/search?q=%23taleequaleshow,%23taleequaleshow,32612.0,2021-09-18 12:16:06.315536,Italy
#18settembre,http://twitter.com/search?q=%2318settembre,%2318settembre,,2021-09-18 12:16:06.315536,Italy
#SexEducation,http://twitter.com/search?q=%23SexEducation,%23SexEducation,73027.0,2021-09-18 12:16:06.315536,Italy
#JordanBelfort,http://twitter.com/search?q=%23JordanBelfort,%23JordanBelfort,,2021-09-18 12:16:06.315536,Ukraine
#TheWolfsDen,http://twitter.com/search?q=%23TheWolfsDen,%23TheWolfsDen,,2021-09-18 12:16:06.315536,Ukraine
#thewolfofwallstreet,http://twitter.com/search?q=%23thewolfofwallstreet,%23thewolfofwallstreet,,2021-09-18 12:16:06.315536,Ukraine
#MINYOONGI,http://twitter.com/search?q=%23MINYOONGI,%23MINYOONGI,,2021-09-18 12:16:06.315536,Ukraine
#ParkJimin,http://twitter.com/search?q=%23ParkJimin,%23ParkJimin,15045.0,2021-09-18 12:16:06.315536,Ukraine
#SemaforoAmarilloEdomex,http://twitter.com/search?q=%23SemaforoAmarilloEdomex,%23SemaforoAmarilloEdomex,20528.0,2021-09-18 12:16:06.315536,Mexico
#conquistamasterchef,http://twitter.com/search?q=%23conquistamasterchef,%23conquistamasterchef,,2021-09-18 12:16:06.315536,Mexico
#FelizSábado,http://twitter.com/search?q=%23FelizS%C3%A1bado,%23FelizS%C3%A1bado,,2021-09-18 12:16:06.315536,Mexico
#FelizViernesATodos,http://twitter.com/search?q=%23FelizViernesATodos,%23FelizViernesATodos,,2021-09-18 12:16:06.315536,Mexico
#Rebxtensible,http://twitter.com/search?q=%23Rebxtensible,%23Rebxtensible,17680.0,2021-09-18 12:16:06.315536,Mexico
#CatturdsBirthday,http://twitter.com/search?q=%23CatturdsBirthday,%23CatturdsBirthday,,2021-09-18 12:16:06.315536,United States
#SaturdayMorning,http://twitter.com/search?q=%23SaturdayMorning,%23SaturdayMorning,,2021-09-18 12:16:06.315536,United States
#WOLBRE,http://twitter.com/search?q=%23WOLBRE,%23WOLBRE,,2021-09-18 12:16:06.315536,United States
#SaturdayThoughts,http://twitter.com/search?q=%23SaturdayThoughts,%23SaturdayThoughts,13919.0,2021-09-18 12:16:06.315536,United States
#BatmanDay,http://twitter.com/search?q=%23BatmanDay,%23BatmanDay,18632.0,2021-09-18 12:16:06.315536,United States
#AFLGF,http://twitter.com/search?q=%23AFLGF,%23AFLGF,39668.0,2021-09-25 12:15:46.583332,Australia
#aflgrandfinal2021,http://twitter.com/search?q=%23aflgrandfinal2021,%23aflgrandfinal2021,,2021-09-25 12:15:46.583332,Australia
#AUSvARG,http://twitter.com/search?q=%23AUSvARG,%23AUSvARG,,2021-09-25 12:15:46.583332,Australia
#GiveEmHell,http://twitter.com/search?q=%23GiveEmHell,%23GiveEmHell,,2021-09-25 12:15:46.583332,Australia
#MUNAVL,http://twitter.com/search?q=%23MUNAVL,%23MUNAVL,38274.0,2021-09-25 12:15:46.583332,Australia
#PremierLeagueNaESPN,http://twitter.com/search?q=%23PremierLeagueNaESPN,%23PremierLeagueNaESPN,,2021-09-25 12:15:46.583332,Brazil
#CNNLixo,http://twitter.com/search?q=%23CNNLixo,%23CNNLixo,26051.0,2021-09-25 12:15:46.583332,Brazil
#F1naBand,http://twitter.com/search?q=%23F1naBand,%23F1naBand,,2021-09-25 12:15:46.583332,Brazil
#KeremAVerissimo,http://twitter.com/search?q=%23KeremAVerissimo,%23KeremAVerissimo,147270.0,2021-09-25 12:15:46.583332,Brazil
#RussianGP,http://twitter.com/search?q=%23RussianGP,%23RussianGP,57578.0,2021-09-25 12:15:46.583332,Brazil
#MUNAVL,http://twitter.com/search?q=%23MUNAVL,%23MUNAVL,38425.0,2021-09-25 12:15:46.583332,Canada
#CHEMCI,http://twitter.com/search?q=%23CHEMCI,%23CHEMCI,51925.0,2021-09-25 12:15:46.583332,Canada
#FirebreakAB,http://twitter.com/search?q=%23FirebreakAB,%23FirebreakAB,,2021-09-25 12:15:46.583332,Canada
#Caturday,http://twitter.com/search?q=%23Caturday,%23Caturday,,2021-09-25 12:15:46.583332,Canada
#aewrampage,http://twitter.com/search?q=%23aewrampage,%23aewrampage,60337.0,2021-09-25 12:15:46.583332,Canada
#CHEMCI,http://twitter.com/search?q=%23CHEMCI,%23CHEMCI,51925.0,2021-09-25 12:15:46.583332,France
#FreebetUnibet,http://twitter.com/search?q=%23FreebetUnibet,%23FreebetUnibet,,2021-09-25 12:15:46.583332,France
#MUNAVL,http://twitter.com/search?q=%23MUNAVL,%23MUNAVL,38274.0,2021-09-25 12:15:46.583332,France
#CdiscountFrenchDays,http://twitter.com/search?q=%23CdiscountFrenchDays,%23CdiscountFrenchDays,,2021-09-25 12:15:46.583332,France
#RussianGP,http://twitter.com/search?q=%23RussianGP,%23RussianGP,57421.0,2021-09-25 12:15:46.583332,France
#Manifs25septembre,http://twitter.com/search?q=%23Manifs25septembre,%23Manifs25septembre,19210.0,2021-09-25 12:15:46.583332,France
#PremierLeague,http://twitter.com/search?q=%23PremierLeague,%23PremierLeague,,2021-09-25 12:15:46.583332,France
#les12coupsdemidi,http://twitter.com/search?q=%23les12coupsdemidi,%23les12coupsdemidi,,2021-09-25 12:15:46.583332,France
#SCBACA,http://twitter.com/search?q=%23SCBACA,%23SCBACA,,2021-09-25 12:15:46.583332,France
#MUFC,http://twitter.com/search?q=%23MUFC,%23MUFC,65312.0,2021-09-25 12:15:46.583332,France
#PSGMHSC,http://twitter.com/search?q=%23PSGMHSC,%23PSGMHSC,,2021-09-25 12:15:46.583332,France
#DuRockDansUnTitre,http://twitter.com/search?q=%23DuRockDansUnTitre,%23DuRockDansUnTitre,,2021-09-25 12:15:46.583332,France
#Klimastreik,http://twitter.com/search?q=%23Klimastreik,%23Klimastreik,50854.0,2021-09-25 12:15:46.583332,Germany
#FridaysForFuture,http://twitter.com/search?q=%23FridaysForFuture,%23FridaysForFuture,36386.0,2021-09-25 12:15:46.583332,Germany
#btw21,http://twitter.com/search?q=%23btw21,%23btw21,37156.0,2021-09-25 12:15:46.583332,Germany
#Wahlbetrug,http://twitter.com/search?q=%23Wahlbetrug,%23Wahlbetrug,,2021-09-25 12:15:46.583332,Germany
#AlleFuersKlima,http://twitter.com/search?q=%23AlleFuersKlima,%23AlleFuersKlima,18274.0,2021-09-25 12:15:46.583332,Germany
#DoctorTrailer,http://twitter.com/search?q=%23DoctorTrailer,%23DoctorTrailer,83286.0,2021-09-25 12:15:46.583332,India
#MUNAVL,http://twitter.com/search?q=%23MUNAVL,%23MUNAVL,38274.0,2021-09-25 12:15:46.583332,India
#iQOOZ5xstufflistings,http://twitter.com/search?q=%23iQOOZ5xstufflistings,%23iQOOZ5xstufflistings,,2021-09-25 12:15:46.583332,India
#DCvRR,http://twitter.com/search?q=%23DCvRR,%23DCvRR,,2021-09-25 12:15:46.583332,India
#Sooryavanshi,http://twitter.com/search?q=%23Sooryavanshi,%23Sooryavanshi,,2021-09-25 12:15:46.583332,India
#यूपी_10cr_पार,http://twitter.com/search?q=%23%E0%A4%AF%E0%A5%82%E0%A4%AA%E0%A5%80_10cr_%E0%A4%AA%E0%A4%BE%E0%A4%B0,%23%E0%A4%AF%E0%A5%82%E0%A4%AA%E0%A5%80_10cr_%E0%A4%AA%E0%A4%BE%E0%A4%B0,18062.0,2021-09-25 12:15:46.583332,India
#SnehaDubey,http://twitter.com/search?q=%23SnehaDubey,%23SnehaDubey,12137.0,2021-09-25 12:15:46.583332,India
#Hinduhater_Bollywood,http://twitter.com/search?q=%23Hinduhater_Bollywood,%23Hinduhater_Bollywood,11148.0,2021-09-25 12:15:46.583332,India
#taleequaleshow,http://twitter.com/search?q=%23taleequaleshow,%23taleequaleshow,22285.0,2021-09-25 12:15:46.583332,Italy
#KeremAVerissimo,http://twitter.com/search?q=%23KeremAVerissimo,%23KeremAVerissimo,147270.0,2021-09-25 12:15:46.583332,Italy
#gfvip,http://twitter.com/search?q=%23gfvip,%23gfvip,94278.0,2021-09-25 12:15:46.583332,Italy
#TeenWolf,http://twitter.com/search?q=%23TeenWolf,%23TeenWolf,97455.0,2021-09-25 12:15:46.583332,Italy
#25settembre,http://twitter.com/search?q=%2325settembre,%2325settembre,,2021-09-25 12:15:46.583332,Italy
#SharonStone,http://twitter.com/search?q=%23SharonStone,%23SharonStone,,2021-09-25 12:15:46.583332,Ukraine
#CreativeSociety,http://twitter.com/search?q=%23CreativeSociety,%23CreativeSociety,,2021-09-25 12:15:46.583332,Ukraine
#ZFF2021,http://twitter.com/search?q=%23ZFF2021,%23ZFF2021,,2021-09-25 12:15:46.583332,Ukraine
#allatraunites,http://twitter.com/search?q=%23allatraunites,%23allatraunites,,2021-09-25 12:15:46.583332,Ukraine
#MyUniverse,http://twitter.com/search?q=%23MyUniverse,%23MyUniverse,982148.0,2021-09-25 12:15:46.583332,Ukraine
#MyUniverse,http://twitter.com/search?q=%23MyUniverse,%23MyUniverse,982148.0,2021-09-25 12:15:46.583332,Mexico
#FutbolPorSKY,http://twitter.com/search?q=%23FutbolPorSKY,%23FutbolPorSKY,,2021-09-25 12:15:46.583332,Mexico
#lazopilota,http://twitter.com/search?q=%23lazopilota,%23lazopilota,21087.0,2021-09-25 12:15:46.583332,Mexico
#SalarioRosa,http://twitter.com/search?q=%23SalarioRosa,%23SalarioRosa,10891.0,2021-09-25 12:15:46.583332,Mexico
#FelizSabado,http://twitter.com/search?q=%23FelizSabado,%23FelizSabado,,2021-09-25 12:15:46.583332,Mexico
#CHEMCI,http://twitter.com/search?q=%23CHEMCI,%23CHEMCI,51723.0,2021-09-25 12:15:46.583332,United States
#MUNAVL,http://twitter.com/search?q=%23MUNAVL,%23MUNAVL,38425.0,2021-09-25 12:15:46.583332,United States
#AFLGF,http://twitter.com/search?q=%23AFLGF,%23AFLGF,39668.0,2021-09-25 12:15:46.583332,United States
#SaturdayMorning,http://twitter.com/search?q=%23SaturdayMorning,%23SaturdayMorning,13617.0,2021-09-25 12:15:46.583332,United States
#MUFC,http://twitter.com/search?q=%23MUFC,%23MUFC,65312.0,2021-09-25 12:15:46.583332,United States
